"first_name","last_name"
"Khedija","Mitsuhashi"
"Rutger","Miara"
"Mechthild","Miyakawa"
"Eishiro","Miyakawa"
"Perla","Middleton"
"Zita","Minakawa"
"Arfst","Mikschl"
"Katsuo","Miake"
"Arch","Minakawa"
"Sverrir","Milicic"
"Akhilish","Milicia"
"Hugo","Mitzlaff"
"Jenwei","Milicia"
"Khalid","Michaels"
"Menkae","Mikschl"
"Arlette","Mikschl"
"Teiji","Mitzlaff"
"Along","Miake"
"Shai","Milicic"
"Fusako","Milicia"
"Valter","Mitchem"
"Tse","Mitsuhashi"
"Hatem","Miake"
"Akeel","Millington"
"Shimshon","Miyakawa"
"Utpal","Minakawa"
"Krassimir","Michaels"
"Sadegh","Milicia"
"Giordano","Miake"
"Ymte","Michaeli"
"Renee","Milicia"
"Volkmar","Michaeli"
"Gudjon","Millington"
"Domenico","Mitchem"
"Bangqing","Mitchem"
"Raimond","Mitzlaff"
"Alair","Middleton"
"Mototsugu","Michaeli"
"Kazuyasu","Milicia"
"Qunsheng","Middleton"
"Aiman","Middleton"
"Sajjan","Mitzlaff"
"Dinkar","Mitchem"
"Aiichiro","Michaeli"
"Peternela","Middleton"
"Conrado","Michaeli"
"King","Mitina"
"Mostafa","Middleton"
"Krisda","Mitchem"
"Anoosh","Mitchem"
"Premsyl","Michaeli"
"Shirish","Milicic"
"Collette","Mikschl"
"Rimon","Miyakawa"
"Teruyuki","Mitzlaff"
"Udo","Michaels"
"Yannik","Milicia"
"Hailing","Millington"
"Kiyotoshi","Miyakawa"
"Roddy","Mikschl"
"Pranav","Mitzlaff"
"Martina","Miake"
"Gurbir","Mitina"
"Fen","Mitina"
"Shigenori","Millington"
"Aria","Milicia"
"Quingbo","Mitchem"
"Ortrud","Middleton"
"Murthy","Miculan"
"Francoise","Miake"
"Neven","Milicia"
"Ibibia","Michaels"
"Kristof","Michaels"
"Xuejun","Mikschl"
"Mostafa","Michaeli"
"Jianhao","Michaels"
"Alagu","Mikschl"
"Dayanand","Minakawa"
"Breannda","Milicia"
"Marjo","Mitchem"
"Berry","Milicic"
"Manibrata","Millington"
"Leah","Miake"
"Rutger","Minakawa"
"Mikhail","Mitchem"
"George","Miyakawa"
"Gully","Mitchem"
"Beshir","Milicia"
"Zsolt","Michaels"
"Caolyn","Mitzlaff"
"Kwee","Millington"
"Anoosh","Michaels"
"Danae","Mikschl"
"Gian","Middleton"
"Rimli","Mitchem"
"Leszek","Mitsuhashi"
"Sakthirel","Miake"
"Percy","Milicic"
"Felicidad","Mitina"
"Branimir","Minakawa"
"Yuping","Mitina"
"Arun","Minakawa"
"Hirochika","Minakawa"
"Serge","Milicia"
"Nimmagadda","Mikschl"
"Gritta","Mitina"
"Xiaobin","Minakawa"
"Georg","Michaeli"
"LiMin","Michaeli"
"Navin","Miyakawa"
"Zhenhua","Middleton"
"JiYoung","Mitina"
"Nectarios","Miara"
"Kristian","Michaeli"
"Abdulah","Miara"
"Sanjit","Middleton"
"Takahiro","Miyakawa"
"Torsten","Michaeli"
"Szabolcs","Michaels"
"Menkae","Miara"
"Christoph","Mitzlaff"
"Shushma","Miyakawa"
"Boutros","Mitchem"
"Bader","Michaels"
"Takahito","Middleton"
"Gen","Miyakawa"
"Mohd","Michaeli"
"Shahab","Millington"
"Boaz","Mikschl"
"Samphel","Mikschl"
"Reinhard","Michaels"
"Jiann","Miara"
"Tamiya","Mitina"
"Duangkaew","Milicic"
"Sivanarayana","Milicic"
"Jinpo","Milicia"
"Feipei","Milicia"
"Moni","Michaels"
"Yishay","Michaels"
"Remko","Miara"
"Gretta","Miara"
"Bouchung","Middleton"
"Zhilian","Milicic"
"Christ","Michaels"
"Heejo","Mikschl"
"Jaana","Miyakawa"
"Conal","Michaels"
"Kristin","Middleton"
"Barna","Middleton"
"Lokesh","Miara"
"Francoise","Miara"
"Susanna","Minakawa"
"Nevin","Minakawa"
"Mohamadou","Miculan"
"DeForest","Milicia"
"Hatem","Mitina"
"Shiv","Milicic"
"Masato","Milicia"
"Adam","Michaels"
"Sven","Michaeli"
"Mabry","Mitsuhashi"
"Akhilish","Mitina"
"Zengping","Miake"
"Rosine","Miyakawa"
"Shrikanth","Minakawa"
"Faiza","Michaels"
"Baoqiu","Michaels"
"Toshimi","Middleton"
"Erzsebet","Mitzlaff"
"Arfst","Michaels"
"Adas","Mitsuhashi"
"Roded","Miake"
"Billie","Millington"
"Chenxi","Millington"
"Sakthirel","Mitzlaff"
"Jungsoon","Millington"
"Bernt","Mitzlaff"
"Gretta","Miake"
"Berthier","Mitina"
"Jacqueline","Michaels"
"Hugo","Mitchem"
"Heeju","Miara"
"Wilmer","Minakawa"
"Gadiel","Mitsuhashi"
"Poornachandra","Middleton"
"Behnaam","Mitina"
"Leandro","Millington"
"Georgy","Minakawa"
"Junsik","Miyakawa"
"KayLiang","Miyakawa"
"Lucien","Mitzlaff"
"Jiann","Mikschl"
"Xinglin","Mitsuhashi"
"Gadiel","Millington"
"Marlo","Millington"
"Ugo","Minakawa"
"Premal","Millington"
"Guttorm","Mikschl"
"Geoffry","Milicic"
"Mario","Millington"
"Shay","Mitchem"
"Huican","Michaeli"
"Zhensheng","Miculan"
"Aloys","Milicic"
"Bodo","Middleton"
"Alagu","Mitchem"
"Maha","Middleton"
"Yuguang","Michaels"
"Mingdong","Miara"
"Jungsoon","Milicic"
"Kinh","Miculan"
"Baoqiu","Milicic"
"Jouko","Millington"
"Kerryn","Mitchem"
"Shin","Miculan"
"Poorav","Miara"
"Lene","Miculan"
"Sachem","Mitsuhashi"
"Steen","Mitzlaff"
"Yoshimitsu","Michaels"
"Jacqueline","Michaeli"
"Hein","Millington"
"Saddek","Minakawa"
"Macha","Mitina"
"Giri","Mitzlaff"
"Joydip","Mitchem"
"Kwangjo","Miculan"
"Mooi","Mitsuhashi"
"Koichi","Miake"
"Arnould","Miara"
"Hsiangchu","Milicia"
"Elzbieta","Michaels"
"Adamantios","Minakawa"
"Shooichi","Minakawa"
"Duangkaew","Milicia"
"Mitsuyuki","Mitsuhashi"
"Tamiya","Miyakawa"
"Phule","Middleton"
"Chiradeep","Minakawa"
"Yoshimitsu","Mitsuhashi"
"Bodo","Michaels"
"Hatem","Miake"
"Zhonghui","Miake"
"Heeju","Mitchem"
"Yurij","Mitchem"
"Przemyslawa","Mikschl"
"Takahiro","Miake"
"Gina","Miake"
"Shalesh","Mitsuhashi"
"Van","Miculan"
"Sajjad","Mitsuhashi"
"Kiam","Mitchem"
"Danae","Michaeli"
"Serif","Mitsuhashi"
"Dannz","Milicic"
"Van","Miara"
"Heng","Middleton"
"Leen","Miculan"
"Elvia","Mikschl"
"Pranav","Mitchem"
"Yefim","Mitsuhashi"
"Gennady","Mikschl"
"Huican","Millington"
"Gaetan","Milicic"
"Godehard","Middleton"
"Arunachalam","Middleton"
"Roddy","Mitina"
"Houman","Michaeli"
"Mats","Milicia"
"Suzette","Michaeli"
"Nirmal","Miculan"
"Stevo","Miara"
"Zsolt","Mitsuhashi"
"Boalin","Miake"
"Yishay","Michaels"
"Shaunak","Mitsuhashi"
"Shaowei","Millington"
"Toshiki","Middleton"
"Ohad","Michaels"
"Yagil","Milicic"
"Vivian","Minakawa"
"Arnould","Miculan"
"Yoshimitsu","Mitzlaff"
"Fumitaka","Mikschl"
"Atreye","Millington"
"Alair","Miara"
"Kwangyoen","Milicia"
"Hatim","Middleton"
"Vitali","Milicia"
"Vishv","Michaeli"
"Yuguang","Michaels"
"Gurbir","Minakawa"
"Deborah","Mitchem"
"Ortrun","Mitina"
"Fumitake","Miyakawa"
"Jahangir","Middleton"
"Neelam","Mitzlaff"
"Marit","Miake"
"Fumiyo","Minakawa"
"Ranga","Middleton"
"Hitomi","Milicia"
"Shmuel","Mikschl"
"Kwok","Miake"
"Shaowen","Miake"
"Jaideep","Michaels"
"Toong","Millington"
"Berna","Miculan"
"Fumiyo","Mikschl"
"Chaosheng","Mitchem"
"Anestis","Mitina"
"Wojceich","Milicia"
"Uwe","Minakawa"
"Xiaoqiang","Miyakawa"
"Harjit","Miyakawa"
"Jianhui","Mitzlaff"
"Kankanahalli","Mitina"
"Ronnie","Millington"
"Augustine","Miara"
"Faiza","Mikschl"
"Eric","Mitzlaff"
"Kiyokazu","Miyakawa"
"Yuriy","Millington"
"Adin","Middleton"
"Kazuhide","Miyakawa"
"JiYoung","Milicia"
"Quingbo","Middleton"
"Nevin","Minakawa"
"Irene","Mitsuhashi"
"Naraig","Miyakawa"
"Abdelkader","Mitzlaff"
"Saeko","Mikschl"
"Luerbio","Mitina"
"Kayoko","Miake"
"Fumiyo","Middleton"
"Uma","Mitsuhashi"
"Waiman","Millington"
"Shunichi","Minakawa"
"Mitchel","Mitchem"
"Tsz","Mikschl"
"Sadok","Mitina"
"Shounak","Michaels"
"Bezalel","Mikschl"
"Sergi","Mitina"
"Panayotis","Miake"
"Yefim","Mitzlaff"
"Mamdouh","Millington"
"Rosine","Michaeli"
"Mary","Milicic"
"Heon","Miara"
"Masasuke","Miyakawa"
"Huican","Mikschl"
"Ottavia","Mitsuhashi"
"Wayne","Milicia"
"Menkae","Michaeli"
"Saeed","Mitina"
"Chuanti","Miake"
"Hisao","Miyakawa"
"Weiye","Milicia"
"Abdulah","Middleton"
"Aemilian","Mitina"
"Serif","Miculan"
"Cathie","Middleton"
"Mooi","Millington"
"Shaibal","Mitzlaff"
"Moon","Mitsuhashi"
"Steen","Millington"
"Brendon","Milicia"
"Charmane","Miculan"
"Shigenori","Mitchem"
"Maia","Michaels"
"Yoshimitsu","Mitchem"
"Pantung","Minakawa"
"Jingling","Miara"
"Zissis","Michaels"
"Jessie","Middleton"
"Hiroyasu","Miara"
"Huai","Mitsuhashi"
"Gadiel","Middleton"
"Arunachalam","Michaels"
"Terresa","Mitchem"
"Ishfaq","Mitchem"
"Shiv","Mitsuhashi"
"Arunas","Milicic"
"Baruch","Mitzlaff"
"Shrikanth","Mitina"
"Sukumar","Michaels"
"Katsuo","Michaeli"
"Rosalyn","Millington"
"Lidong","Millington"
"Zeydy","Miake"
"Tesuya","Miara"
"Christoper","Miara"
"Yucai","Milicia"
"Shao","Milicia"
"Bangqing","Miake"
"Bedrich","Milicia"
"Dannz","Miyakawa"
"Eishiro","Minakawa"
"Remko","Mitzlaff"
"Yongmao","Mitzlaff"
"Pramod","Miyakawa"
"Mayuri","Milicia"
"Demin","Mikschl"
"Raimond","Mitina"
"Boalin","Milicia"
"Dannz","Miculan"
"Bowen","Mitzlaff"
"Przemyslawa","Mitchem"
"Shrikanth","Mitzlaff"
"Gil","Minakawa"
"Thanasis","Middleton"
"Roselyn","Mitina"
"Phuoc","Mikschl"
"Nitsan","Mitzlaff"
"Leszek","Millington"
"Spyrose","Mikschl"
"Zhenbing","Mikschl"
"Isaac","Mitchem"
"Alselm","Michaeli"
"Sadun","Mitchem"
"Apostol","Miculan"
"Ioana","Michaeli"
"Arvind","Miake"
"Barna","Milicia"
"Falguni","Mitsuhashi"
"Chanjung","Milicia"
"LiMin","Mitsuhashi"
"Kagan","Miara"
"Takahira","Milicic"
"Satoru","Michaels"
"Salvador","Michaeli"
"Sadun","Middleton"
"Neelam","Mitsuhashi"
"Munenori","Mitchem"
"Leen","Miake"
"Hideyuki","Michaels"
"Sadegh","Miake"
"Muzhong","Mitsuhashi"
"Tomofumi","Michaeli"
"Dhritiman","Mitsuhashi"
"Akemi","Mitsuhashi"
"Martien","Mikschl"
"Teunis","Michaeli"
"Mariusz","Mitina"
"Dmitri","Mitzlaff"
"Ranga","Miara"
"Alagu","Mitzlaff"
"Xianlong","Milicic"
"Suebskul","Mitzlaff"
"Masamitsu","Michaels"
"Miyeon","Michaeli"
"Elzbieta","Miake"
"Bogdan","Michaels"
"Yuqun","Milicia"
"Duro","Michaeli"
"Filipe","Mitsuhashi"
"Eirik","Minakawa"
"Alejandra","Mikschl"
"Brewster","Milicic"
"Patricio","Middleton"
"Uinam","Mitzlaff"
"Fusako","Milicic"
"Ferdinand","Mitsuhashi"
"Moon","Mitzlaff"
"Roddy","Miara"
"Chaosheng","Michaeli"
"Vidya","Mitsuhashi"
"Chinya","Michaeli"
"Mahendra","Mikschl"
"Masanao","Millington"
"Mohan","Michaels"
"Kwan","Mitchem"
"Khue","Mitchem"
"Chenyi","Mitchem"
"Vitaly","Michaels"
"Patricio","Middleton"
"Somnath","Miyakawa"
"Foong","Miara"
"Moheb","Mitsuhashi"
"Jaques","Michaeli"
"Keiichiro","Millington"
"Aemilian","Mitzlaff"
"Adib","Miake"
"Dharmaraja","Miculan"
"Irene","Milicia"
"Amalendu","Milicia"
"Danae","Mitsuhashi"
"Mohan","Miculan"
"Qiwen","Milicia"
"Kiyotoshi","Milicia"
"Abdulla","Mitzlaff"
"Kyoichi","Mitsuhashi"
"Shigehiro","Milicic"
"Mona","Michaeli"
"Basim","Mitzlaff"
"Felicidad","Millington"
"Tonny","Michaeli"
"Xuedong","Millington"
"Larisa","Milicic"
"Zhensheng","Milicic"
"Adel","Mitina"
"Dung","Middleton"
"Petter","Miara"
"Toshiki","Mitsuhashi"
"Parto","Miyakawa"
"Zeljko","Miake"
"Patricio","Millington"
"Val","Mikschl"
"Ramachenga","Michaeli"
"DAIDA","Mikschl"
"Shaw","Mitchem"
"Jeong","Miyakawa"
"Hidekazu","Miyakawa"
"Sivanarayana","Mitsuhashi"
"Lene","Michaeli"
"Paraskevi","Michaels"
"Kazuhiko","Michaeli"
"Francesca","Mitina"
"Sreenivas","Minakawa"
"Ung","Mitchem"
"Arumugam","Miara"
"Jeanne","Mikschl"
"Zhiguo","Middleton"
"Abdulla","Mitina"
"Menkae","Mikschl"
"Yannik","Minakawa"
"Jungsoon","Millington"
"Shietung","Mitchem"
"Feiyu","Miake"
"Fumiyo","Miake"
"Lein","Middleton"
"Chinhyun","Mitsuhashi"
"Jongsuk","Michaels"
"Supot","Millington"
"Takanari","Milicia"
"Nathan","Milicic"
"Mahmut","Milicic"
"Juyoung","Minakawa"
"Kellyn","Miyakawa"
"Ute","Millington"
"Elvia","Middleton"
"Xudong","Middleton"
"Selwyn","Miake"
"Sumali","Michaels"
"Ziva","Milicic"
"Lijia","Milicic"
"Mountaz","Miake"
"Arie","Millington"
"Guenter","Millington"
"Murthy","Milicic"
"Xinglin","Michaeli"
"Alper","Milicic"
"Munehiko","Milicic"
"Piyush","Miyakawa"
"Masaru","Miculan"
"Feiyu","Milicia"
"Abdelghani","Miyakawa"
"Toshiki","Middleton"
"Dmitri","Mitchem"
"Huan","Miyakawa"
"Ingemar","Mitina"
"Marco","Milicic"
"Gretta","Miara"
"Nahla","Miyakawa"
"Susumu","Miake"
"Huei","Middleton"
"Kristinn","Middleton"
"Falguni","Michaels"
"Susanta","Michaels"
"Shaw","Mitchem"
"Jackson","Miculan"
"Erzsebet","Mitchem"
"Munir","Mitzlaff"
"Duro","Milicia"
"Bluma","Mikschl"
"Uzi","Mitsuhashi"
"Miyeon","Miara"
"Youpyo","Milicic"
"Adit","Miake"
"Zhigen","Miyakawa"
"Ortrud","Mikschl"
"Fumiya","Milicic"
"Leen","Minakawa"
"Ayakannu","Milicic"
"Chaitali","Mitzlaff"
"Sukumar","Mitzlaff"
"Joydip","Miara"
"Jenwei","Milicia"
"Insup","Michaeli"
"Lijia","Michaeli"
"Luerbio","Mitzlaff"
"Dzung","Minakawa"
"Prodip","Mikschl"
"Aamod","Minakawa"
"Shuji","Miara"
"Qunsheng","Millington"
"Tetsushi","Mikschl"
"Valeska","Miara"
"Ute","Minakawa"
"Vasilii","Mikschl"
"Aleksandar","Mitina"
"Brigham","Mitina"
"Jacopo","Milicic"
"Mariangiola","Milicia"
"Noritoshi","Mikschl"
"Georgi","Miake"
"Ronghao","Milicic"
"Kamakshi","Miculan"
"Val","Minakawa"
"Pradeep","Millington"
"Vivian","Miculan"
"Theirry","Mitchem"
"Gopalakrishnan","Miake"
"Kolar","Millington"
"Shaw","Minakawa"
"Hongzue","Michaels"
"Bodh","Mitchem"
"Marek","Milicic"
"Yuguang","Mitsuhashi"
"Nikolaus","Millington"
"Jenwei","Miara"
"Sajjan","Milicic"
"Marco","Milicia"
"Moty","Miara"
"Ramya","Miculan"
"Danny","Mitsuhashi"
"Jenwei","Miara"
"Geoff","Milicia"
"Xiaoqiang","Millington"
"Mamdouh","Millington"
"Conrado","Miake"
"Rajmohan","Miake"
"Masami","Miara"
"Dines","Minakawa"
"Tetsurou","Miara"
"Selwyn","Miculan"
"Oksana","Minakawa"
"Palash","Mitzlaff"
"Perla","Miara"
"Denny","Miyakawa"
"Sachem","Milicia"
"Tru","Miyakawa"
"Kristine","Mitsuhashi"
"Nadjib","Mitchem"
"Yahiko","Mitchem"
"Basil","Middleton"
"Mihalis","Mitina"
"Maria","Michaels"
"Randy","Middleton"
"Mara","Mitina"
"Katsuyuki","Miake"
"Ramzi","Miculan"
"Jixiang","Millington"
"Constantino","Michaels"
"Kristine","Mitsuhashi"
"Shuzo","Miake"
"Leandro","Milicia"
"Huai","Mitsuhashi"
"Guozhong","Mikschl"
"Erez","Mitchem"
"Golgen","Milicia"
"Hirochika","Milicia"
"Kannan","Mikschl"
"Mori","Middleton"
"Qiwen","Mitina"
"Tokuyasu","Minakawa"
"Serge","Miara"
"Shuji","Millington"
"Radhakrishnan","Michaels"
"Chiranjit","Miculan"
"Abdelghani","Mikschl"
"Mona","Mitzlaff"
"Gennadi","Miculan"
"Yishai","Miake"
"Mandell","Mitsuhashi"
"Jordanka","Mitina"
"Tamiya","Millington"
"Mohan","Milicic"
"Marjo","Miara"
"Ung","Miculan"
"Shaibal","Michaels"
"Torsten","Mitzlaff"
"Lunjin","Miyakawa"
"Mokhtar","Miyakawa"
"Pranjal","Michaeli"
"Chinhyun","Miara"
"Filipp","Miyakawa"
"Etsuo","Milicic"
"Kayoko","Mitsuhashi"
"Deniz","Michaels"
"Jayesh","Middleton"
"Valdiodio","Mikschl"
"Kirk","Mitina"
"Fun","Milicic"
"Marko","Miculan"
"Karsten","Mikschl"
"Hairong","Miyakawa"
"Muzhong","Michaeli"
"Brendon","Mitina"
"Jackson","Miculan"
"Susumu","Mitsuhashi"
"Salvador","Miake"
"Kwee","Miculan"
"Sreekrishna","Michaels"
"Cordelia","Mikschl"
"Gal","Milicia"
"Garnet","Milicic"
"Tristan","Mitsuhashi"
"Reinhold","Miculan"
"Heeju","Millington"
"Sedat","Minakawa"
"Yuping","Miake"
"Jaroslava","Milicic"
"Barry","Michaels"
"Gill","Milicia"
"Mart","Miculan"
"Peternela","Milicic"
"Mahmut","Mitchem"
"Geoffry","Mitsuhashi"
"Heeju","Mitina"
"Morrie","Milicia"
"Eldridge","Michaeli"
"Pramod","Mitina"
"Erzsebet","Miculan"
"Heekeun","Mitsuhashi"
"Vojin","Michaels"
"Dung","Michaeli"
"Lihong","Miculan"
"Valter","Mitina"
"Caolyn","Mikschl"
"Vitali","Miara"
"Herbert","Milicic"
"Badri","Michaels"
"Basant","Miyakawa"
"Visit","Milicic"
"Ottavia","Mikschl"
"Feiyu","Mitina"
"Yolla","Milicic"
"Gully","Mitchem"
"Abdelghani","Miyakawa"
"Randi","Miake"
"Bernice","Mitina"
"Tadahiko","Mikschl"
"Remzi","Michaels"
"Jinpo","Michaels"
"Gaurav","Miyakawa"
"Mikhail","Miara"
"Martijn","Michaels"
"Xuejia","Miculan"
"Jackson","Milicia"
"Itzchak","Mitzlaff"
"Hein","Mitsuhashi"
"Juyoung","Mitzlaff"
"Aron","Mitchem"
"Arvind","Michaeli"
"Faiza","Miyakawa"
"Fayez","Mitina"
"Alois","Michaels"
"Boguslaw","Millington"
"Magdalena","Mikschl"
"Shimshon","Mitzlaff"
"Zongyan","Millington"
"Lech","Miyakawa"
"Rance","Mitzlaff"
"Takahito","Michaeli"
"Gino","Michaels"
"Odoardo","Mitzlaff"
"Sudhanshu","Mitzlaff"
"Yakichi","Mitsuhashi"
"Uta","Mitina"
"Angus","Mitzlaff"
"Xuejia","Mitsuhashi"
"Chikara","Michaeli"
"Mohammad","Miake"
"Jungsoon","Michaeli"
"Mingdong","Milicic"
"Lech","Michaels"
"Otmar","Michaeli"
"Amabile","Miyakawa"
"Bezalel","Mitina"
"Cristinel","Michaeli"
"Xumin","Millington"
"Troy","Michaels"
"Shir","Michaeli"
"Wuxu","Mitzlaff"
"Rosalie","Miara"
"Vidar","Mitina"
"Filipp","Middleton"
"Monique","Mitsuhashi"
"Shuky","Middleton"
"Chenye","Milicic"
"Guther","Milicia"
"Jouni","Mitzlaff"
"Padma","Minakawa"
"Janche","Milicic"
"Christoph","Mitsuhashi"
"Yongdong","Minakawa"
"Gou","Michaeli"
"Yoshinari","Milicia"
"Fumitake","Milicic"
"Krister","Mitina"
"Boriana","Middleton"
"Junsik","Mitina"
"Zdislav","Mitzlaff"
"Geoff","Mitzlaff"
"Hideo","Miculan"
"Martial","Mitchem"
"Honesty","Middleton"
"Satoru","Miara"
"Shrikanth","Mitina"
"Aruna","Miculan"
"Richard","Minakawa"
"Zijian","Millington"
"Rasiah","Michaels"
"Rafols","Milicia"
"Zhiguo","Miake"
"Sakthirel","Minakawa"
"Randi","Miculan"
"Harngdar","Mitzlaff"
"Zissis","Milicic"
"Trygve","Millington"
"Waiman","Miara"
"Minghong","Miyakawa"
"Sukumar","Michaels"
"Ult","Miake"
"Fay","Miake"
"Elliott","Michaeli"
"Fen","Millington"
"Nadjib","Millington"
"Jinya","Miara"
"Christfried","Michaels"
"Fai","Mitina"
"Henk","Mikschl"
"Tokuyasu","Miara"
"Takanari","Miake"
"Gunilla","Milicic"
"Georgy","Mitzlaff"
"Weiye","Miculan"
"Teruyuki","Mitchem"
"Tsz","Mitina"
"Duke","Mitsuhashi"
"Yuguang","Michaels"
"Jamaludin","Minakawa"
"Mara","Miara"
"Prasadram","Miara"
"Kazuhide","Michaels"
"Margareta","Miara"
"Uta","Milicia"
"Renee","Mitina"
"Chenyi","Michaeli"
"Moni","Miara"
"Leni","Miyakawa"
"Gino","Mitsuhashi"
"Sanjeeva","Mitina"
"Gay","Mitina"
"Mahendra","Michaeli"
"Rosella","Mitsuhashi"
"Ziyad","Milicia"
"Troy","Miculan"
"Marc","Miara"
"Aamer","Miculan"
"Mark","Mitchem"
"Mitchel","Michaeli"
"Cordelia","Mitsuhashi"
"Candida","Michaels"
"Henk","Miake"
"Adhemar","Miake"
"Uwe","Miara"
"Arno","Mitchem"
"Marla","Milicia"
"Adin","Mikschl"
"Denny","Miculan"
"Morris","Minakawa"
"Kannan","Middleton"
"Adib","Mitsuhashi"
"Nitsan","Middleton"
"Arvin","Mitina"
"Shan","Middleton"
"Valeska","Mitina"
"Christfried","Middleton"
"Arnould","Miyakawa"
"Ekawit","Michaels"
"Eishiro","Mitina"
"Cristinel","Miake"
"Xiaocheng","Miculan"
"Wayne","Mitsuhashi"
"Kendra","Miara"
"Geoffrey","Middleton"
"Terresa","Miculan"
"Tianruo","Michaeli"
"Uli","Mitsuhashi"
"Vugranam","Millington"
"Kazuhiko","Miake"
"Lene","Minakawa"
"Martina","Middleton"
"Arun","Mikschl"
"Dekang","Millington"
"Yurii","Milicia"
"Vugranam","Middleton"
"Maha","Milicic"
"Yaghout","Miyakawa"
"Salvador","Miake"
"Takahiro","Middleton"
"Basil","Miyakawa"
"Branimir","Miake"
"Elliott","Minakawa"
"Tze","Miake"
"LiMin","Miara"
"Fei","Miyakawa"
"Franziska","Miara"
"Niteen","Mitchem"
"Dietrich","Mitzlaff"
"Khun","Milicic"
"Narain","Minakawa"
"Marla","Miyakawa"
"Gilbert","Millington"
"Huiqun","Mikschl"
"Gaurav","Mitsuhashi"
"Jayson","Milicic"
"Gritta","Miake"
"Mantis","Millington"
"Kristen","Miyakawa"
"Barton","Millington"
"Fun","Michaels"
"Ronnie","Mitzlaff"
"Gurbir","Miyakawa"
"Make","Mitina"
"Kinh","Middleton"
"Remzi","Miyakawa"
"Fabrizio","Mitina"
"Hideo","Mitzlaff"
"Karsten","Milicic"
"Ayakannu","Miculan"
"Bernice","Mitchem"
"Leon","Middleton"
"Remmert","Mitchem"
"Shigeu","Michaeli"
"Zeljko","Middleton"
"Danco","Mitina"
"Ger","Mitchem"
"Takanari","Michaeli"
"Basim","Mitzlaff"
"Saeed","Milicia"
"Miquel","Miake"
"Bangqing","Middleton"
"Berhard","Milicic"
"Jungsoon","Mitchem"
"Kiyokazu","Mitsuhashi"
"Avishai","Michaeli"
"Uli","Mikschl"
"Jingling","Millington"
"Dinkar","Milicic"
"Kellie","Mitchem"
"Basim","Millington"
"Shalesh","Mitchem"
"Eben","Miculan"
"Basem","Michaels"
"Feiyu","Mitsuhashi"
"Pranav","Mikschl"
"Ipke","Milicia"
"Ennio","Michaels"
"Stafford","Mitchem"
"Yakichi","Michaeli"
"Mansur","Miara"
"Divier","Miake"
"Ramzi","Miara"
"Kwangyoen","Mitsuhashi"
"Tristan","Miake"
"Kellyn","Miake"
"Taisook","Middleton"
"Patricia","Mitchem"
"Mansur","Mitina"
"Tua","Milicia"
"Izaskun","Milicic"
"Valery","Mitchem"
"Przemyslawa","Michaeli"
"Chirstian","Miyakawa"
"Berto","Middleton"
"Hyuckchul","Miara"
"Oscal","Middleton"
"Hidde","Middleton"
"Jongsuk","Middleton"
"Heeju","Middleton"
"Howell","Mitsuhashi"
"Pradeep","Mitzlaff"
"Subhash","Milicic"
"Xuejun","Middleton"
"Frazer","Mikschl"
"Idoia","Miake"
"Eirik","Milicic"
"Terresa","Middleton"
"Gadiel","Mitina"
"Kendra","Mitchem"
"Yongmin","Mitchem"
"Pranay","Mitina"
"Kazuhiko","Middleton"
"Aram","Minakawa"
"Guiseppe","Middleton"
"Subhash","Miyakawa"
"Mingsen","Mitina"
"Khedija","Mitsuhashi"
"Etsuo","Milicia"
"Denny","Milicia"
"Vishwani","Minakawa"
"Radhia","Mitzlaff"
"Luigi","Milicic"
"Danil","Miake"
"Aamod","Michaels"
"Charlene","Miculan"
"Masasuke","Miake"
"Amalendu","Mitchem"
"Chaosheng","Miculan"
"Mabhin","Mikschl"
"Gregory","Michaeli"
"Adil","Mitzlaff"
"Shem","Mitsuhashi"
"Jeane","Mitchem"
"Somnath","Mitchem"
"Irene","Michaeli"
"Christophe","Michaeli"
"Ziyad","Miake"
"Gina","Minakawa"
"Palash","Mitsuhashi"
"Moss","Michaels"
"Kazuyasu","Mitchem"
"Carrsten","Mitzlaff"
"Xiaoheng","Michaels"
"Gino","Mitsuhashi"
"Debatosh","Mitsuhashi"
"Gou","Mitzlaff"
"Bikash","Mitsuhashi"
"Subhash","Middleton"
"Dhritiman","Mikschl"
"Hideo","Miyakawa"
"Janalee","Miara"
"Mary","Mitsuhashi"
"Munir","Mitsuhashi"
"Alenka","Milicia"
"Shirish","Mitzlaff"
"Mariusz","Milicia"
"Boguslaw","Millington"
"Hausi","Miculan"
"Cathie","Mitchem"
"Jasminko","Milicia"
"Bokyung","Miyakawa"
"Frederique","Miyakawa"
"Shaz","Minakawa"
"Uwe","Middleton"
"Jianhao","Michaels"
"Mansur","Miculan"
"Aria","Miara"
"Laurentiu","Mitchem"
"Udaiprakash","Mikschl"
"Percy","Milicic"
"Kayoko","Mitzlaff"
"Iara","Milicic"
"Gio","Milicic"
"Jouni","Miculan"
"Perry","Milicic"
"Xinan","Miake"
"Manu","Michaels"
"Gila","Miake"
"Matt","Mitina"
"Hyuckchul","Miculan"
"Minghong","Miyakawa"
"Arno","Millington"
"Dinkar","Mitzlaff"
"Arto","Miake"
"Jayesh","Michaels"
"Junsik","Mikschl"
"Lech","Mikschl"
"Bedir","Miake"
"Koldo","Mitina"
"Kwangyoen","Mitchem"
"Alexius","Miculan"
"Susuma","Milicia"
"Gad","Milicic"
"Heekeun","Mitzlaff"
"Moti","Milicic"
"Bogdan","Miyakawa"
"Tianruo","Milicic"
"Kwok","Mitina"
"Feipei","Middleton"
"Abdelkader","Michaeli"
"Heekeun","Mitsuhashi"
"Gretta","Miara"
"Geoffrey","Mitzlaff"
"Gunilla","Michaels"
"Yurii","Miculan"
"Sailaja","Mitzlaff"
"Ugo","Michaeli"
"Niclas","Michaeli"
"Cheong","Millington"
"Baziley","Middleton"
"Susanne","Miara"
"Aran","Millington"
"Mona","Mitina"
"Elgin","Miculan"
"Christfried","Michaeli"
"Mingzeng","Milicic"
"Gladys","Milicic"
"Mads","Middleton"
"Jaroslava","Miyakawa"
"Kyoichi","Middleton"
"Kwangsub","Mitina"
"Sushant","Mikschl"
"Teunis","Middleton"
"Berthier","Millington"
"Chanjung","Miculan"
"Clyde","Mitchem"
"Eric","Miyakawa"
"Bojan","Mitzlaff"
"Evgueni","Miara"
"Fumiko","Mitzlaff"
"Jaroslava","Mikschl"
"Yaghout","Miyakawa"
"Hatem","Middleton"
"Ayonca","Middleton"
"Goh","Middleton"
"Nahid","Miyakawa"
"Teunis","Millington"
"Garnet","Mitina"
"Ingemar","Michaeli"
"Aleksander","Milicic"
"Khalil","Mitzlaff"
"Leucio","Miara"
"Bedrich","Middleton"
"Marsha","Miyakawa"
"Gopalakrishnan","Michaels"
"Tetsushi","Mikschl"
"Eckart","Mitchem"
"Sajjad","Mikschl"
"Basim","Mitina"
"Danco","Michaeli"
"Fumitake","Mikschl"
"Shawna","Mitzlaff"
"Takanari","Mikschl"
"Mansur","Millington"
"Akhilish","Mitchem"
"Rosalie","Mitzlaff"
"Billie","Milicic"
"Brigham","Michaels"
"Rosalie","Miake"
"Dekang","Miyakawa"
"Barun","Middleton"
"Volkmar","Mitina"
"Teiji","Millington"
"Chenyi","Millington"
"Mariangiola","Miculan"
"Paddy","Mikschl"
"Sugwoo","Middleton"
"Douadi","Miculan"
"Shridhar","Mitchem"
"Valter","Milicia"
"Seongbae","Middleton"
"Khosrow","Michaels"
"Aram","Miake"
"Xiaoqiu","Miyakawa"
"Leon","Mitsuhashi"
"Remko","Milicic"
"Arve","Miyakawa"
"Aluzio","Michaeli"
"Behnaam","Mikschl"
"Sergi","Mitzlaff"
"Kellyn","Mitzlaff"
"Ennio","Middleton"
"Ibibia","Miyakawa"
"Sivanarayana","Mitsuhashi"
"Nalini","Middleton"
"Gopalakrishnan","Middleton"
"Oldrich","Miara"
"Divier","Middleton"
"Visit","Milicic"
"Rildo","Miyakawa"
"Kerryn","Miara"
"Chaosheng","Mitzlaff"
"Angel","Mitina"
"Adib","Mitina"
"Aria","Miyakawa"
"Alselm","Millington"
"Danil","Miyakawa"
"Shuho","Millington"
"Zhonghui","Miyakawa"
"Christoper","Milicia"
"Abdelghani","Mitzlaff"
"Kannan","Millington"
"Khaled","Millington"
"Shounak","Miyakawa"
"Jovan","Millington"
"Paloma","Miculan"
"Steen","Milicic"
"Limsoon","Milicia"
"Xiaocheng","Miculan"
"Arumugam","Milicic"
"Adin","Michaeli"
"Arif","Miake"
"Vojin","Miculan"
"Divier","Michaels"
"Dayanand","Milicic"
"Debaprosad","Milicic"
"Genevieve","Milicic"
"Mahmut","Miculan"
"Kazunori","Mitzlaff"
"Takahiro","Mitsuhashi"
"Cheong","Miculan"
"Aamer","Millington"
"Gererd","Michaeli"
"Magdalena","Mitina"
"Yoshimitsu","Milicia"
"Nobuyoshi","Mikschl"
"Duro","Mitzlaff"
"Bouchung","Mitchem"
"Wuxu","Mikschl"
"Genta","Millington"
"Goncalo","Minakawa"
"Golgen","Mitchem"
"Branimir","Middleton"
"Irena","Middleton"
"Pradeep","Milicic"
"Tetsushi","Mitchem"
"Juichirou","Mitzlaff"
"Pragnesh","Michaeli"
"Danai","Middleton"
"Nalini","Mikschl"
"Turgut","Millington"
"Reuven","Minakawa"
"Leandro","Middleton"
"Isamu","Miyakawa"
"Chanjung","Minakawa"
"Byong","Middleton"
"Flemming","Mikschl"
"Nathan","Mitina"
"Chiradeep","Middleton"
"Maik","Milicia"
"Demin","Mitchem"
"Kazunori","Michaeli"
"KayLiang","Mitsuhashi"
"Ortrun","Milicic"
"Roded","Miake"
"Arvind","Mitina"
"Ekawit","Mitchem"
"Bernice","Michaels"
"Idoia","Mitchem"
"Gladys","Mitchem"
"Tzu","Miake"
"Duke","Miculan"
"Sven","Milicic"
"Muzhong","Millington"
"Khue","Mitzlaff"
"Zejun","Milicic"
"Khedija","Miculan"
"Denis","Miara"
"Marsal","Mitchem"
"Nevio","Miara"
"Jeanna","Milicic"
"Junsik","Milicia"
"Arno","Michaels"
"Yechezkel","Mikschl"
"Basem","Miculan"
"Shaowen","Miake"
"Nahla","Mitchem"
"Peternela","Miara"
"Bader","Michaels"
"Billur","Milicia"
"Isaac","Michaels"
"Djelloul","Middleton"
"Ingemar","Mitchem"
"Geoff","Michaeli"
"Mona","Middleton"
"Bartek","Milicia"
"Gully","Mitina"
"Kazuhide","Miara"
"Kamran","Miculan"
"Gad","Miyakawa"
"Feiyu","Miake"
"Uno","Milicic"
"Malu","Mikschl"
"George","Miake"
"IEEE","Miyakawa"
"Sanjit","Mitzlaff"
"Zhonghui","Michaeli"
"Perry","Miara"
"Noritoshi","Mitsuhashi"
"Masasuke","Miara"
"Mechthild","Middleton"
"Uzi","Michaeli"
"Yongmin","Miculan"
"Tsz","Mitzlaff"
"Muzhong","Milicic"
"Christfried","Miculan"
"Alagu","Mikschl"
"Venkatesan","Mikschl"
"JoAnne","Miculan"
"Sadegh","Mitsuhashi"
"Val","Miyakawa"
"Marc","Michaeli"
"Denny","Mitsuhashi"
"Jeane","Mitchem"
"Satoru","Milicia"
"Changho","Minakawa"
"Serap","Mitina"
"Valeska","Milicia"
"Deniz","Millington"
"Jianhui","Miyakawa"
"Deborah","Mitsuhashi"
"Xuejun","Michaels"
"Anyuan","Michaels"
"Shawna","Mitsuhashi"
"Shaowei","Miculan"
"Xiaoqiang","Mitzlaff"
"Anyuan","Mitsuhashi"
"Kellyn","Millington"
"Gian","Middleton"
"Kiyokazu","Mitzlaff"
"Aleksander","Mitsuhashi"
"Candido","Michaeli"
"Hatim","Michaels"
"Waiman","Michaels"
"Takushi","Middleton"
"Zongyan","Miake"
"Sanjoy","Mitina"
"Anoosh","Milicic"
"Brendon","Minakawa"
"Basim","Michaels"
"Aloys","Minakawa"
"Subir","Milicia"
"Clyde","Milicia"
"Xinglin","Millington"
"Lansing","Miara"
"Khedija","Mikschl"
"Sariel","Miculan"
"Randi","Miake"
"Uriel","Michaeli"
"Mohamadou","Miculan"
"Ewing","Millington"
"Ishfaq","Mitsuhashi"
"Debaprosad","Miake"
"Kousuke","Miara"
"Serge","Minakawa"
"Perry","Mikschl"
"Nechama","Milicia"
"Subhrajyoti","Mikschl"
"Soenke","Michaeli"
"Tetsushi","Mitzlaff"
"Christ","Middleton"
"Anyuan","Michaels"
"Shushma","Middleton"
"Faiza","Mitzlaff"
"Shir","Milicic"
"Poornachandra","Milicia"
"Elvis","Mitzlaff"
"Saniya","Michaels"
"Cheong","Miara"
"Sadegh","Mitzlaff"
"Mohammad","Minakawa"
"Lech","Miyakawa"
"Vitali","Mitina"
"Lakshmi","Mikschl"
"Erez","Minakawa"
"Yinlin","Minakawa"
"Arlette","Miculan"
"Shaunak","Milicia"
"Takushi","Michaeli"
"Ugo","Mitzlaff"
"Hausi","Mikschl"
"Felicidad","Middleton"
"Aiman","Michaels"
"Masaki","Millington"
"Xiaocheng","Millington"
"Heping","Mitina"
"Shaibal","Miculan"
"Nathan","Mitchem"
"Berthier","Middleton"
"Ayakannu","Minakawa"
"Yuqun","Minakawa"
"Yefim","Michaels"
"Denny","Miculan"
"Kensei","Mitzlaff"
"Edwin","Minakawa"
"Domenico","Mitina"
"Duri","Michaels"
"Herbert","Miara"
"Shahab","Miculan"
"Jayesh","Minakawa"
"Valdiodio","Mitina"
"Jaber","Milicic"
"Vidya","Mitchem"
"Mohamadou","Miake"
"Ziya","Mikschl"
"Peer","Miculan"
"Laurentiu","Miara"
"Patricio","Michaels"
"Baoqiu","Milicia"
"Arun","Millington"
"Wilmer","Michaels"
"Parviz","Michaeli"
"Shim","Miake"
"Jackson","Michaeli"
"Feiyu","Mitchem"
"Salvador","Miake"
"Aemilian","Milicic"
"Djenana","Miculan"
"Florian","Miyakawa"
"Lenore","Mitina"
"Babette","Miyakawa"
"Weiye","Milicic"
"Gretta","Miara"
"Susanna","Middleton"
"Prodip","Mitsuhashi"
"Kristina","Michaels"
"Yuriy","Miara"
"Barry","Miyakawa"
"Marjo","Michaels"
"Huai","Middleton"
"Shai","Michaeli"
"Guangming","Michaeli"
"Xumin","Miara"
"Szabolcs","Mitzlaff"
"Leif","Miake"
"Yuuichi","Michaeli"
"Tze","Middleton"
"Wanqing","Millington"
"Munenori","Miculan"
"Sugwoo","Michaels"
"Jahangir","Mitzlaff"
"Patricia","Milicic"
"Utz","Millington"
"Boriana","Mikschl"
"Mizuhito","Miculan"
"Sachem","Mikschl"
"Tonny","Milicia"
"Kazuhiko","Michaels"
"Sham","Michaeli"
"Oguz","Michaeli"
"Leon","Miara"
"Alselm","Millington"
"Indrajit","Miake"
"Jongsuk","Miake"
"Shih","Michaels"
"Takahira","Mitina"
"Takanari","Miyakawa"
"Chaosheng","Minakawa"
"Sachio","Mikschl"
"Emran","Miara"
"Owen","Millington"
"George","Minakawa"
"Bouchung","Mitsuhashi"
"Tzvetan","Miake"
"Susanta","Mikschl"
"Heeju","Michaeli"
"Uta","Mitzlaff"
"Domenico","Minakawa"
"Adin","Michaeli"
"Khalil","Miara"
"Ung","Miake"
"Kenroku","Millington"
"Uriel","Milicic"
"Kish","Michaels"
"Sarita","Mitzlaff"
"Leandro","Milicia"
"Howell","Mitsuhashi"
"Vitali","Miara"
"Arno","Mitina"
"Sajjad","Mitzlaff"
"Kamakshi","Milicic"
"Kitty","Miyakawa"
"Holgard","Michaels"
"Yishai","Millington"
"Padma","Mitina"
"Remko","Miake"
"Kayoko","Michaeli"
"Sanjit","Miara"
"Werner","Miake"
"Jixiang","Miculan"
"Gil","Michaels"
"Annemarie","Mitina"
"Jackson","Millington"
"Sudharsan","Milicia"
"Abdelwaheb","Mitchem"
"Gou","Miyakawa"
"Leszek","Minakawa"
"Rasiah","Michaels"
"Arvind","Michaeli"
"Chirstian","Miake"
"Hidde","Mitzlaff"
"Alper","Millington"
"Naraig","Mitina"
"Naraig","Miculan"
"Mechthild","Miake"
"Uli","Michaeli"
"Naftaly","Mitchem"
"Sachin","Miara"
"Kazuhiro","Milicia"
"Yuuichi","Mitina"
"DeForest","Miara"
"Peternela","Mitzlaff"
"Takahito","Miculan"
"Foong","Mitsuhashi"
"Peternela","Miake"
"Arvin","Mitzlaff"
"Vitaly","Miake"
"Aimee","Miyakawa"
"Taisook","Miara"
"Sadun","Mitina"
"Jaewon","Mikschl"
"Yurii","Mikschl"
"Gonzalo","Mitchem"
"Marit","Minakawa"
"Shunichi","Miculan"
"Angel","Minakawa"
"Juyoung","Michaels"
"Rimli","Minakawa"
"Douadi","Mitchem"
"Goa","Miyakawa"
"Jaana","Milicia"
"Sadok","Millington"
"Sarita","Middleton"
"Huan","Mikschl"
"Insup","Miyakawa"
"Zhonghui","Minakawa"
"Byong","Miara"
"Uta","Middleton"
"Steen","Mitchem"
"Huan","Michaeli"
"Phuoc","Miculan"
"Conor","Miara"
"Vivian","Millington"
"Guoxiang","Mitsuhashi"
"Vugranam","Miculan"
"Mana","Miyakawa"
"Vishv","Mitchem"
"Rafael","Mitsuhashi"
"Sachar","Mitsuhashi"
"Mamdouh","Mitchem"
"Tesuro","Milicia"
"Marsja","Mitina"
"Huei","Miake"
"Mahendra","Milicic"
"Ebru","Mitchem"
"Irene","Mitsuhashi"
"Jianhao","Mitzlaff"
"Christoph","Mitzlaff"
"Masaru","Miculan"
"Hisao","Mikschl"
"Cedric","Miara"
"Anwar","Mikschl"
"Yongqiao","Mitsuhashi"
"Maris","Milicia"
"Yefim","Miyakawa"
"Abdelwaheb","Miyakawa"
"Susanta","Minakawa"
"Mahendra","Mitchem"
"IEEE","Milicic"
"Yahiko","Mitsuhashi"
"Danai","Mikschl"
"Phule","Minakawa"
"Carrsten","Mitina"
"Mountaz","Mitsuhashi"
"Gopalakrishnan","Mitsuhashi"
"Huiqun","Millington"
"Gretta","Miculan"
"Candido","Mikschl"
"Etsuo","Miara"
"Tesuya","Millington"
"Jianhui","Miake"
"Cheong","Milicia"
"Mang","Michaeli"
"Khoa","Miyakawa"
"Eran","Michaels"
"Thodoros","Michaels"
"Yannik","Mitina"
"Rutger","Milicic"
"Kauko","Mitchem"
"Arto","Milicic"
"Tadahiko","Miyakawa"
"Nahid","Miculan"
"Taizo","Mikschl"
"Guadalupe","Michaeli"
"Mooi","Mikschl"
"Lokesh","Miake"
"Eishiro","Mitzlaff"
"Cheong","Milicia"
"Dmitry","Middleton"
"Jinpo","Minakawa"
"Georgy","Mikschl"
"Gererd","Milicic"
"Bader","Milicia"
"Oscar","Miyakawa"
"Patricia","Michaels"
"Geoffrey","Miyakawa"
"Felicidad","Miara"
"Chikako","Middleton"
"Hironoby","Mitzlaff"
"Ebbe","Michaels"
"Premsyl","Minakawa"
"Zhigen","Michaels"
"Janalee","Mikschl"
"Sashi","Michaels"
"Moie","Michaeli"
"Sven","Middleton"
"Shirish","Mitchem"
"Naftali","Miake"
"Reinhard","Millington"
"Heeju","Minakawa"
"Fusako","Mitsuhashi"
"Arve","Minakawa"
"Shridhar","Miake"
"Nechama","Miculan"
"Yakichi","Mitzlaff"
"Shao","Michaels"
"Berhard","Milicia"
"Yonghoan","Miyakawa"
"Masasuke","Mikschl"
"Lena","Michaeli"
"Brewster","Mikschl"
"Sastry","Mikschl"
"Teruyuki","Mitzlaff"
"Shaw","Miyakawa"
"Aria","Miake"
"Toshimo","Milicia"
"Margo","Mitina"
"Shahab","Milicic"
"Armond","Milicic"
"Tremaine","Miyakawa"
"Deborah","Michaels"
"Abdelkader","Miake"
"Gregory","Milicic"
"Shim","Michaeli"
"Dietrich","Mitina"
"Sibyl","Mikschl"
"Berna","Miara"
"Bedrich","Milicia"
"Nigel","Mikschl"
"Sreekrishna","Michaeli"
"Sachar","Millington"
"Takahito","Miake"
"Monique","Michaeli"
"Zhongwei","Minakawa"
"Ottavia","Michaeli"
"Ramzi","Mitsuhashi"
"Sven","Michaels"
"Kayoko","Milicia"
"Krisda","Mitchem"
"Hideo","Milicic"
"Gopalakrishnan","Mitchem"
"Chriss","Middleton"
"Sorina","Milicia"
"Pascal","Mitchem"
"Adas","Michaeli"
"Fumitaka","Miculan"
"Dipankar","Mitsuhashi"
"Kensei","Middleton"
"Doowon","Miyakawa"
"Hongzhu","Millington"
"Sreenivas","Mikschl"
"Hidekazu","Mikschl"
"Kokou","Minakawa"
"Kwan","Millington"
"Yinghua","Mitchem"
"Yuguang","Mikschl"
"Remzi","Miyakawa"
"Kish","Mikschl"
"Aloys","Miara"
"Keiichiro","Mitchem"
"Shahar","Mikschl"
"Elvis","Milicia"
"Jackson","Milicic"
"Qingxiang","Mitchem"
"Soenke","Miculan"
"Zijian","Miara"
"Masako","Minakawa"
"Goncalo","Mitchem"
"Mayuri","Mitsuhashi"
"Shaowen","Mitsuhashi"
"Xuejia","Mitina"
"Shaowen","Miake"
"Utz","Miara"
"Shay","Mikschl"
"Bingning","Mitina"
"Arun","Mitzlaff"
"Sanjoy","Miculan"
"Aram","Miyakawa"
"Abdelghani","Millington"
"Uwe","Mitsuhashi"
"Manohar","Minakawa"
"Danny","Minakawa"
"Chikara","Millington"
"Theirry","Miyakawa"
"Manibrata","Mitzlaff"
"Elzbieta","Mikschl"
"Mart","Miara"
"Yifei","Mitsuhashi"
"Dmitri","Michaels"
"Christoper","Michaeli"
"Divine","Mitchem"
"Duro","Middleton"
"Arup","Miake"
"Arnd","Milicia"
"Jovan","Miara"
"Eldridge","Middleton"
"Kristina","Miara"
"Sampalli","Mitina"
"Dmitri","Minakawa"
"Maia","Miara"
"Narain","Mikschl"
"Kersti","Mikschl"
"Changho","Miara"
"Marie","Mikschl"
"Rosalie","Minakawa"
"Kamakshi","Miculan"
"Genki","Middleton"
"Fumitaka","Michaeli"
"Susanta","Mitina"
"Kenroku","Michaels"
"Billie","Middleton"
"Theirry","Mitchem"
"Jinxi","Mikschl"
"Herb","Miculan"
"Jiann","Miyakawa"
"Yongmao","Michaeli"
"Shuho","Mitsuhashi"
"Kazuhiro","Mitzlaff"
"Teunis","Minakawa"
"Shen","Miyakawa"
"Bangqing","Miara"
"Tremaine","Middleton"
"Sailaja","Mikschl"
"Jeanne","Miyakawa"
"Leucio","Milicic"
"Gaurav","Minakawa"
"Fen","Miyakawa"
"Eldridge","Mitina"
"Duri","Millington"
"Ipke","Michaels"
"Nagui","Miake"
"Anwar","Milicic"
"Noritoshi","Mitzlaff"
"Kiam","Miculan"
"Nobuyoshi","Mitchem"
"Xiaoqiu","Middleton"
"Mona","Miyakawa"
"Kwangjo","Michaels"
"Quingbo","Millington"
"Persi","Michaeli"
"Arvin","Milicic"
"Martijn","Millington"
"Gully","Mitchem"
"Marlo","Milicia"
"Djelloul","Minakawa"
"Anwar","Miara"
"Sampalli","Michaels"
"Bangqing","Michaels"
"Guiseppe","Middleton"
"Jongsuk","Miyakawa"
"Evgueni","Mitina"
"Taisook","Milicia"
"Cristinel","Miyakawa"
"Kwangyoen","Mitzlaff"
"Leszek","Michaels"
"Hitomi","Mitsuhashi"
"Matt","Miyakawa"
"Mart","Miara"
"Danil","Mitzlaff"
"Souichi","Mitzlaff"
"Subir","Mitsuhashi"
"Augustine","Miake"
"Qunsheng","Michaels"
"Arto","Miake"
"Uzi","Millington"
"Sangeeta","Milicic"
"Jianwen","Milicia"
"Khaled","Mitsuhashi"
"Bodo","Miake"
"Shigehiro","Minakawa"
"Katsuo","Mitina"
"Subhada","Mitsuhashi"
"Ebru","Michaels"
"Dinkar","Mitina"
"Tonia","Minakawa"
"Patricio","Mikschl"
"Foong","Minakawa"
"Radhia","Mitina"
"Mantis","Millington"
"Marsha","Michaels"
"Vesna","Milicia"
"Huai","Miculan"
"Stamatina","Miara"
"Kaijung","Mitchem"
"Guoxiang","Milicic"
"Slavian","Miake"
"Zorica","Milicia"
"Udo","Miake"
"Manton","Middleton"
"Miyeon","Michaels"
"Dhritiman","Mitzlaff"
"Maik","Minakawa"
"Khatoun","Miara"
"Isamu","Michaels"
"Bingning","Mitchem"
"Erez","Milicic"
"Hein","Millington"
"Shigeaki","Millington"
"Munehiko","Milicia"
"Gil","Michaels"
"Zejun","Mitina"
"Heekeun","Milicia"
"Chanjung","Millington"
"Terresa","Miara"
"Poorav","Middleton"
"Toshiki","Michaeli"
"Fun","Michaels"
"Serenella","Miake"
"Karsten","Millington"
"Torsten","Mikschl"
"Sadok","Mitzlaff"
"Patricia","Milicic"
"Arto","Middleton"
"Remko","Mitsuhashi"
"Mabhin","Middleton"
"Hugo","Milicic"
"Licheng","Miyakawa"
"Fumiyo","Minakawa"
"Zissis","Miculan"
"Eckart","Millington"
"Jackson","Michaels"
"Mariangiola","Miculan"
"Urs","Mikschl"
"Fumiko","Mikschl"
"Changho","Miyakawa"
"Tsuneo","Michaeli"
"Ayakannu","Millington"
"Kaijung","Mitina"
"Tzu","Mitina"
"Owen","Michaels"
"Shawna","Mitzlaff"
"Taegyun","Mitzlaff"
"Satyanarayana","Milicia"
"Zvonko","Minakawa"
"Nadjib","Miculan"
"Luerbio","Milicia"
"Huan","Minakawa"
"Takahito","Miake"
"Shir","Milicia"
"Hugo","Milicic"
"Cullen","Mikschl"
"Apostol","Miake"
"Fei","Miculan"
"Feiyu","Mitina"
"Gino","Michaeli"
"Xiaopeng","Miake"
"Hiroyasu","Milicic"
"Fei","Miake"
"Amabile","Mitchem"
"Jovan","Middleton"
"Danai","Michaeli"
"Sadok","Mitchem"
"Horward","Middleton"
"Shigehito","Middleton"
"Kendra","Miculan"
"Taizo","Mitsuhashi"
"Kamakshi","Miyakawa"
"Behnaam","Mitina"
"Domenico","Miake"
"Iara","Mikschl"
"Vitali","Milicic"
"Shooichi","Miculan"
"Heekeun","Miake"
"Boriana","Mitsuhashi"
"Eckart","Mitsuhashi"
"Prodip","Milicic"
"Jamaludin","Milicia"
"Shay","Miyakawa"
"Qunsheng","Mikschl"
"Paris","Millington"
"Chikako","Michaels"
"Temple","Michaeli"
"Tru","Middleton"
"Roddy","Minakawa"
"Demos","Michaels"
"Valery","Millington"
"Zsolt","Miake"
"Samphel","Miake"
"Marsja","Michaels"
"Shawna","Mikschl"
"Gianluca","Mitina"
"Fumitake","Middleton"
"Zine","Miara"
"Tsuneo","Miculan"
"Jiong","Millington"
"Shuho","Mitzlaff"
"Mohua","Miake"
"Zsolt","Mitzlaff"
"Nikolaos","Michaels"
"Pranay","Miyakawa"
"Jaideep","Middleton"
"Jungsoon","Mitzlaff"
"Vasilis","Miara"
"Valery","Mitsuhashi"
"Sreekrishna","Miyakawa"
"Amstein","Miara"
"Baziley","Miara"
"Heeju","Mitzlaff"
"Denis","Michaels"
"Lokesh","Milicic"
"Yinlin","Mitzlaff"
"Lillian","Mitsuhashi"
"Marko","Mitina"
"Parviz","Mitina"
"Takahira","Mikschl"
"Mohammed","Miara"
"Abdelwaheb","Minakawa"
"Naftali","Miake"
"Yakichi","Miyakawa"
"Beshir","Milicic"
"Jinpo","Miyakawa"
"Oscal","Milicic"
"Zita","Mitchem"
"Rasiah","Mitzlaff"
"Zhigen","Mitchem"
"Takushi","Miyakawa"
"Rasikan","Michaeli"
"Mototsugu","Mitchem"
"Arto","Mitzlaff"
"Basem","Mikschl"
"Yongmin","Mitzlaff"
"Stevo","Mikschl"
"Ebru","Mitzlaff"
"Leucio","Mitzlaff"
"Jianhua","Michaeli"
"Conor","Milicic"
"Girolamo","Miculan"
"Foong","Mitzlaff"
"Sanjai","Milicia"
"Weiru","Millington"
"Florian","Michaeli"
"Willard","Mitina"
"Manu","Mitzlaff"
"Ramya","Michaeli"
"Siamak","Mitina"
"Dharmaraja","Mitina"
"Harngdar","Mikschl"
"Leif","Mitina"
"Ortrud","Milicic"
"Ennio","Michaels"
"Gift","Miake"
"Rosine","Minakawa"
"Ronghao","Mitsuhashi"
"Guangming","Miake"
"Nahid","Miara"
"Duke","Millington"
"Subir","Milicia"
"Peer","Milicia"
"Conal","Mitina"
"Rafols","Miyakawa"
"Kensei","Middleton"
"Adas","Miyakawa"
"Jouni","Michaeli"
"Mark","Miculan"
"Xumin","Michaeli"
"Mingdong","Milicia"
"Ramya","Miyakawa"
"Sudharsan","Miculan"
"Berry","Miake"
"Richara","Minakawa"
"Karlis","Minakawa"
"Kazuhira","Miyakawa"
"Sanjeeva","Mikschl"
"Waiman","Mitzlaff"
"Stepehn","Michaels"
"Susanne","Michaeli"
"Chiradeep","Michaels"
"Goncalo","Miara"
"Janalee","Mikschl"
"Yucel","Millington"
"Bokyung","Mitzlaff"
"Paraskevi","Mitchem"
"Nagui","Minakawa"
"Gita","Mitzlaff"
"Gina","Miyakawa"
"DAIDA","Mitchem"
"Mayuri","Minakawa"
"Shirish","Mitsuhashi"
"Golgen","Miyakawa"
"Seongbae","Mitina"
"Apostol","Miculan"
"Jaana","Mitina"
"Juyoung","Mitchem"
"Divine","Miara"
"Randy","Milicia"
"Yunming","Miake"
"Xiping","Miculan"
"Niclas","Miake"
"Seshu","Mitina"
"Maris","Mikschl"
"Kensyu","Mikschl"
"Wilmer","Miyakawa"
"Christfried","Middleton"
"Naraig","Milicic"
"Tuval","Millington"
"Radhika","Mitsuhashi"
"Keung","Michaeli"
"Miquel","Miyakawa"
"Doowon","Milicic"
"Muzhong","Milicic"
"Manohar","Miyakawa"
"Jovan","Miara"
"Hidefumi","Mitina"
"Gregory","Miyakawa"
"Tomofumi","Michaeli"
"Alper","Minakawa"
"Masami","Miyakawa"
"Marco","Mitzlaff"
"Kellie","Miake"
"Gilbert","Mitsuhashi"
"Doowon","Mikschl"
"Heping","Miara"
"Aiichiro","Mitchem"
"Leen","Mitzlaff"
"Hongzue","Michaeli"
"Alois","Middleton"
"Zhonghui","Miyakawa"
"Duke","Minakawa"
"Heping","Mikschl"
"Yishay","Mitchem"
"Zsolt","Mitchem"
"Goncalo","Milicia"
"Alain","Millington"
"Alois","Miara"
"Jaques","Milicia"
"Alper","Miake"
"Yakichi","Minakawa"
"Teruyuki","Mitsuhashi"
"Yuuichi","Miyakawa"
"Jouko","Mitzlaff"
"Nirmal","Miake"
"Dulce","Mitina"
"Yakichi","Miculan"
"Ebbe","Miara"
"Danae","Michaeli"
"Qunsheng","Mitzlaff"
"Vasilii","Mitchem"
"Jackson","Milicic"
"Chaoyi","Miyakawa"
"Hatsukazu","Minakawa"
"Sastry","Miake"
"Brewster","Miara"
"Yishai","Milicia"
"Mads","Middleton"
"Augustine","Mitzlaff"
"Khatoun","Mikschl"
"Bartek","Middleton"
"Takushi","Miake"
"Lobel","Michaeli"
"Jianhao","Mitchem"
"Nadjib","Mitina"
"Eirik","Minakawa"
"Khatoun","Milicic"
"Uli","Mitzlaff"
"Gina","Millington"
"Jackson","Mitina"
"Mototsugu","Milicic"
"Padma","Michaels"
"Abdulah","Milicia"
"Kankanahalli","Milicia"
"Kolar","Mitzlaff"
"Younwoo","Miculan"
"Luisa","Milicia"
"Lihong","Miyakawa"
"Josyula","Miara"
"Ohad","Millington"
"Youpyo","Mitsuhashi"
"Nadjib","Minakawa"
"Rimli","Mitzlaff"
"Cheong","Mikschl"
"Sampalli","Michaels"
"Divier","Millington"
"Indrajit","Miculan"
"Tuval","Milicic"
"Tsz","Milicic"
"Satoru","Michaels"
"Weijing","Mikschl"
"Rafols","Michaeli"
"Sahrah","Mitchem"
"Emran","Miara"
"Aleksander","Miyakawa"
"Abdulla","Miara"
"Keiichiro","Michaeli"
"Jessie","Mitina"
"Clyde","Millington"
"Ung","Mikschl"
"Naftaly","Michaeli"
"Duri","Miculan"
"Gererd","Mikschl"
"Nahla","Milicic"
"Joydip","Miara"
"Duri","Mitina"
"Yagil","Mitchem"
"Youssef","Miculan"
"Gita","Miyakawa"
"Irene","Miculan"
"Kayoko","Michaels"
"Yonghong","Mitsuhashi"
"Arumugam","Michaeli"
"Shuji","Mitzlaff"
"Roddy","Miara"
"Barton","Michaels"
"Abdelaziz","Michaels"
"Paddy","Mitchem"
"Serge","Milicic"
"Utz","Mitchem"
"Yoshinari","Milicia"
"Xinyu","Millington"
"Uri","Miake"
"Jaideep","Minakawa"
"JoAnna","Millington"
"Kensei","Miara"
"Sverrir","Mitzlaff"
"Kiyotoshi","Milicic"
"KayLiang","Michaeli"
"Ranan","Milicic"
"Kazuhito","Minakawa"
"Vitaly","Michaeli"
"Takahiro","Millington"
"Soenke","Miake"
"Hongzue","Mikschl"
"Bluma","Mitsuhashi"
"Falguni","Michaels"
"Jingling","Mitchem"
"Heping","Minakawa"
"Satosi","Miara"
"Ayakannu","Michaels"
"Mani","Milicic"
"Sanjeeva","Mitina"
"Takushi","Minakawa"
"Hatem","Miara"
"Jianhao","Miyakawa"
"Sangeeta","Miara"
"Conal","Minakawa"
"Rildo","Milicia"
"Xiaocheng","Michaeli"
"Marl","Milicic"
"Bedir","Miake"
"Piyawadee","Mitchem"
"Ute","Mitsuhashi"
"Arco","Minakawa"
"Valery","Michaeli"
"Ennio","Miake"
"Mahendra","Mikschl"
"Debatosh","Miculan"
"Arra","Michaels"
"Marie","Michaels"
"Mary","Mitchem"
"Hauke","Mikschl"
"Zhenhua","Mitchem"
"Neven","Mitchem"
"Gererd","Miara"
"Arch","Miake"
"Mostafa","Miake"
"Kristin","Mitina"
"Irena","Milicic"
"Trygve","Miculan"
"Nakhoon","Miake"
"Mohammed","Middleton"
"Boaz","Minakawa"
"Hirochika","Milicic"
"Supot","Mitchem"
"Mansur","Mitchem"
"Ennio","Mikschl"
"Bowen","Miyakawa"
"Matk","Michaeli"
"Nakhoon","Miake"
"Masasuke","Miara"
"Berhard","Michaels"
"Gita","Michaeli"
"Susanta","Michaeli"
"Shaleah","Mitchem"
"Sashi","Mitsuhashi"
"Morris","Miake"
"Taisook","Michaels"
"Fei","Minakawa"
"Gian","Miara"
"Christoper","Millington"
"Jeong","Milicia"
"Isaac","Michaels"
"Denis","Milicic"
"Dayanand","Mitzlaff"
"Adin","Miake"
"Mahendra","Middleton"
"Adin","Mitina"
"Nigel","Middleton"
"Ferdinand","Miara"
"Hsiangchu","Michaels"
"Masasuke","Middleton"
"Leandro","Michaels"
"Eberhardt","Miyakawa"
"Baoqiu","Miara"
"Jiakeng","Michaels"
"Froduald","Miara"
"Sadok","Milicia"
"Apostol","Milicia"
"Ghassan","Michaels"
"Lene","Mitzlaff"
"Shay","Mitsuhashi"
"Shiv","Minakawa"
"Kenton","Miara"
"Roddy","Miara"
"Kotesh","Mitsuhashi"
"Masasuke","Miara"
"Dharmaraja","Mitzlaff"
"Arif","Michaeli"
"Kotesh","Mitchem"
"Heping","Mitzlaff"
"Susanna","Milicic"
"Udaiprakash","Mitina"
"Xiong","Miculan"
"Ronghao","Minakawa"
"Kauko","Miyakawa"
"Rafael","Milicia"
"Foong","Mitzlaff"
"Samphel","Michaels"
"Van","Mikschl"
"Wuxu","Miara"
"Shigeu","Miara"
"Odysseas","Mikschl"
"Kish","Miara"
"Phuoc","Mikschl"
"Premsyl","Miake"
"Gro","Middleton"
"Zeydy","Mitzlaff"
"Franziska","Milicic"
"Ranga","Milicia"
"Irene","Miake"
"Wanqing","Milicic"
"Jeane","Mitchem"
"Weiye","Miara"
"Marco","Mikschl"
"Youjian","Mitzlaff"
"Naraig","Milicia"
"Izaskun","Miara"
"Bangqing","Milicic"
"Qunsheng","Miculan"
"Sumali","Michaels"
"Serge","Michaeli"
"Deniz","Milicia"
"Irene","Mitina"
"Tristan","Miake"
"Shan","Millington"
"Arnd","Michaeli"
"Falguni","Miake"
"Lakshmi","Miculan"
"Padma","Minakawa"
"Giao","Miculan"
"Faiza","Mitzlaff"
"Jouni","Miyakawa"
"Danel","Miara"
"Nikolaus","Middleton"
"Make","Milicic"
"Luise","Mitchem"
"Lene","Michaeli"
"Sumali","Milicic"
"Thanasis","Michaels"
"Mohammed","Michaeli"
"Constantine","Miculan"
"Sailaja","Middleton"
"Zeydy","Mitina"
"Sanjeeva","Mitina"
"Akhilish","Mitina"
"Angus","Mitzlaff"
"Malu","Miyakawa"
"Berhard","Milicic"
"Shawna","Milicic"
"Kamran","Michaeli"
"Elvia","Millington"
"Shaunak","Miara"
"Deniz","Miake"
"Aleksander","Miyakawa"
"Kinh","Mitzlaff"
"Roselyn","Michaeli"
"Shao","Michaeli"
"Krister","Miake"
"Isaac","Mitzlaff"
"Fumitaka","Milicic"
"Sanjiv","Miake"
"Minghong","Miculan"
"Rildo","Miculan"
"Alejandra","Millington"
"Mountaz","Miyakawa"
"Chriss","Mitina"
"Roddy","Mitina"
"Hongzue","Mitsuhashi"
"Kerryn","Miara"
"Kankanahalli","Mitina"
"Masanao","Middleton"
"Chinya","Mikschl"
"Vishu","Mitzlaff"
"Tokuyasu","Miara"
"Jianhui","Mitsuhashi"
"Jasminko","Miake"
"Sanjiv","Michaeli"
"Manibrata","Michaeli"
"Maia","Miara"
"Bilhanan","Minakawa"
"Sanjay","Mitsuhashi"
"Leandro","Mitchem"
"Arra","Michaeli"
"Kwangjo","Miyakawa"
"Xiong","Michaels"
"Seongbae","Mikschl"
"Ottavia","Miyakawa"
"Gor","Milicia"
"Seongbin","Mitsuhashi"
"Reinhard","Miake"
"Fumiyo","Michaels"
"Chaoyi","Miculan"
"Radhakrishnan","Mitsuhashi"
"Adam","Mitina"
"Yuping","Michaeli"
"Niteen","Miake"
"Alois","Mitzlaff"
"Keiichiro","Miyakawa"
"Gaurav","Middleton"
"Susanne","Mikschl"
"Arfst","Millington"
"Elvis","Michaeli"
"Trygve","Middleton"
"Remzi","Mitchem"
"Mayuko","Mitina"
"Weiyi","Mitchem"
"Sariel","Middleton"
"Adhemar","Middleton"
"Saeko","Millington"
"Vojin","Mitzlaff"
"Jahangir","Miyakawa"
"Lech","Mikschl"
"Youjian","Miculan"
"Jiakeng","Mitchem"
"Tze","Mitsuhashi"
"Guttorm","Michaels"
"Zhensheng","Michaels"
"Magdalena","Miake"
"Marko","Mitina"
"Jiong","Michaels"
"Shahab","Miara"
"Kristen","Millington"
"Radhakrishnan","Middleton"
"Kensei","Mikschl"
"Eirik","Milicia"
"Ramalingam","Mitina"
"Taegyun","Michaeli"
"Magy","Michaels"
"Saeko","Mitchem"
"Adil","Minakawa"
"Goa","Mitzlaff"
"Weiru","Minakawa"
"Junichi","Mitina"
"Weiye","Milicia"
"IEEE","Michaels"
"Hisao","Mitsuhashi"
"Sanjit","Mitzlaff"
"Bernd","Miara"
"Rajmohan","Michaeli"
"Peternela","Miake"
"Szabolcs","Mitina"
"Xiaoheng","Minakawa"
"Shigeichiro","Minakawa"
"Pranas","Michaeli"
"Conal","Mikschl"
"Marjo","Michaeli"
"Odysseas","Mitzlaff"
"Baoqiu","Michaeli"
"Youssef","Miyakawa"
"Maris","Mikschl"
"Sudharsan","Miyakawa"
"Insup","Millington"
"Ult","Mitchem"
"Yucel","Miculan"
"Shahar","Miake"
"Frederique","Milicia"
"Lihong","Mitzlaff"
"Tokuyasu","Millington"
"Owen","Miake"
"Qingxiang","Miyakawa"
"Joydip","Mitzlaff"
"Nitsan","Mitchem"
"Ronghao","Mitzlaff"
"Pranay","Mitina"
"Yolla","Michaeli"
"Hiroyasu","Milicia"
"Bogdan","Middleton"
"Gay","Mitina"
"Tonia","Milicia"
"Mats","Milicia"
"Mingsen","Mitzlaff"
"Valeska","Mitzlaff"
"Brewster","Millington"
"Divier","Michaels"
"Alagu","Michaeli"
"Poornachandra","Miyakawa"
"Margo","Millington"
"Ferdinand","Miara"
"Alexius","Miyakawa"
"Sreekrishna","Miara"
"Khoa","Mikschl"
"Menkae","Miara"
"Gadiel","Miake"
"Chenxi","Middleton"
"Zvonko","Michaels"
"Xiping","Mikschl"
"Houman","Millington"
"Terresa","Milicia"
"Subhash","Millington"
"Ioana","Mitina"
"Shuho","Millington"
"Dhritiman","Mikschl"
"Gen","Mitzlaff"
"Shih","Mitina"
"Sudhanshu","Miara"
"Oldrich","Milicic"
"Ziva","Michaeli"
"Jaewon","Mitina"
"Caolyn","Miake"
"Trygve","Milicia"
"LiMin","Mitchem"
"Bernd","Miyakawa"
"Alain","Miculan"
"Vitaly","Minakawa"
"Faiza","Milicic"
"Chuanyi","Mitina"
"Gian","Millington"
"Sajjad","Milicia"
"Phuoc","Milicia"
"Lucian","Milicic"
"Lijie","Mitina"
"Subhash","Mikschl"
"Souichi","Michaeli"
"Nimmagadda","Millington"
"Josyula","Miara"
"Marsal","Miyakawa"
"Faiza","Mitina"
"Zsolt","Michaeli"
"Abdulla","Mitzlaff"
"Shan","Mitchem"
"Martijn","Middleton"
"Hironoby","Milicia"
"Shugo","Mitzlaff"
"Gaurav","Millington"
"Eberhardt","Michaels"
"Anwar","Minakawa"
"Thanasis","Middleton"
"Khalid","Minakawa"
"Berto","Mitina"
"Dannz","Miara"
"Anestis","Mitina"
"Elgin","Mitsuhashi"
"Maria","Miculan"
"Xumin","Mikschl"
"Fei","Millington"
"Satyanarayana","Miake"
"Bingning","Millington"
"Reuven","Milicia"
"Kristina","Mitina"
"Khue","Middleton"
"Aloke","Mitchem"
"Shen","Minakawa"
"Cathie","Milicia"
"Abdelkader","Michaels"
"Guozhong","Millington"
"Moty","Mitchem"
"Waiman","Miyakawa"
"Subhada","Milicia"
"Ramachenga","Milicic"
"Ulf","Michaels"
"Geoff","Milicic"
"Lucian","Minakawa"
"Shakhar","Michaels"
"Zhensheng","Michaeli"
"Kirk","Miara"
"Iara","Michaeli"
"Wayne","Millington"
"Sampalli","Milicia"
"Sashi","Miculan"
"Supot","Mikschl"
"Odysseas","Mikschl"
"Ziva","Milicic"
"Rildo","Michaeli"
"Pradeep","Minakawa"
"Mamdouh","Milicic"
"Ziyad","Mitzlaff"
"Etsuo","Michaels"
"Adly","Miculan"
"Adas","Mitsuhashi"
"Moon","Miara"
"Anneke","Miake"
"Zhenhua","Milicic"
"Vishu","Middleton"
"Behnaam","Miculan"
"Kankanahalli","Milicia"
"Breannda","Millington"
"Unal","Mitzlaff"
"Subir","Miake"
"Kotesh","Mitzlaff"
"Stafford","Milicia"
"Wanqing","Millington"
"Subhada","Miake"
"Shiv","Mitzlaff"
"Salvador","Mitsuhashi"
"Neelam","Milicia"
"Aral","Minakawa"
"Debaprosad","Michaeli"
"Nakhoon","Mitsuhashi"
"Stabislas","Miara"
"Elliott","Middleton"
"Serge","Mitzlaff"
"Kenroku","Minakawa"
"Marin","Mitchem"
"Kellyn","Mitina"
"Nathalie","Milicia"
"Aleksandar","Mikschl"
"Peer","Milicia"
"Eran","Mitchem"
"Kristinn","Milicia"
"Alagu","Milicic"
"Berto","Mitchem"
"Uzi","Miara"
"Mabo","Mitchem"
"Steen","Mitzlaff"
"Jungsoon","Michaels"
"Rasikan","Michaels"
"Ronghao","Mitina"
"Mircea","Mitzlaff"
"True","Milicia"
"Haldon","Miara"
"Marit","Miake"
"Uzi","Miara"
"Subir","Mitsuhashi"
"Pranjal","Michaeli"
"Goo","Mikschl"
"Matk","Millington"
"Sugwoo","Milicic"
"Hidefumi","Miake"
"Shirish","Mitsuhashi"
"Shuji","Mitzlaff"
"Magy","Milicia"
"Jongsuk","Milicic"
"Sibyl","Miara"
"Lorien","Miculan"
"Geoff","Minakawa"
"Oguz","Mitzlaff"
"Poornachandra","Middleton"
"Mayuko","Miara"
"Rosella","Miara"
"Khoa","Millington"
"Zine","Mitchem"
"Sandeepan","Mitina"
"Bingning","Miake"
"Feixiong","Mitsuhashi"
"Aloys","Millington"
"Khoa","Milicic"
"Georgy","Mitchem"
"Aksel","Mitina"
"Bodo","Mitsuhashi"
"Mechthild","Mitchem"
"Hein","Miculan"
"Anwar","Michaeli"
"Koichi","Miara"
"Huiqun","Mitchem"
"Abdulla","Middleton"
"Badri","Michaels"
"Arne","Mitzlaff"
"Kwun","Middleton"
"Bogdan","Miyakawa"
"Henk","Michaeli"
"Masaru","Minakawa"
"King","Minakawa"
"Harngdar","Mitzlaff"
"Nevio","Michaels"
"Remzi","Mitzlaff"
"Pragnesh","Mitchem"
"Roddy","Milicia"
"Filipe","Miake"
"Yinghua","Miculan"
"Souichi","Middleton"
"Ziva","Miyakawa"
"Fumiyo","Milicic"
"Shin","Middleton"
"Fan","Miake"
"Taegyun","Millington"
"Masamitsu","Middleton"
"Shuichi","Millington"
"Mohit","Mitina"
"Danny","Mikschl"
"Shin","Mikschl"
"Hironobu","Michaels"
"Kagan","Miake"
"Sorina","Miculan"
"Vojin","Miake"
"Hitofumi","Miake"
"Subhash","Milicia"
"Yishai","Millington"
"Kolar","Milicic"
"Navid","Mitsuhashi"
"Alair","Michaeli"
"Shuji","Michaeli"
"Berni","Mitchem"
"Youssef","Minakawa"
"Christfried","Miculan"
"Tran","Mikschl"
"Bluma","Miake"
"Conrado","Middleton"
"Breannda","Milicic"
"Shakhar","Mitsuhashi"
"Uta","Mitzlaff"
"Khue","Milicic"
"Masako","Miara"
"Manu","Mikschl"
"Jessie","Milicic"
"Aiman","Michaels"
"Sangeeta","Mitchem"
"Zvonko","Miara"
"Tomoyuki","Michaels"
"Kazuhiro","Mitina"
"Chandrasekaran","Miara"
"Martijn","Miyakawa"
"Guozhong","Michaeli"
"Sanjay","Millington"
"Aruna","Mitina"
"Lorien","Miake"
"Wilmer","Minakawa"
"Shim","Mikschl"
"Fai","Mikschl"
"Parviz","Michaeli"
"Yuchang","Minakawa"
"Inderjeet","Mikschl"
"Maia","Minakawa"
"Olivera","Miara"
"Shigeichiro","Miyakawa"
"Yolla","Michaels"
"Youngkon","Middleton"
"Abdelghani","Middleton"
"Michaela","Mitzlaff"
"Alois","Michaels"
"Marjo","Miara"
"Mads","Michaels"
"Jaber","Mikschl"
"Valeri","Miake"
"Georgi","Middleton"
"Prasadram","Mitina"
"Isamu","Millington"
"Vivian","Mikschl"
"Zhilian","Middleton"
"Arne","Middleton"
"Chuanyi","Mitzlaff"
"Theirry","Miara"
"Mari","Miyakawa"
"Lunjin","Mitzlaff"
"Kazuhira","Milicic"
"Jessie","Michaeli"
"Sadegh","Miake"
"Mana","Milicic"
"Niteen","Minakawa"
"Lokesh","Michaeli"
"Serge","Middleton"
"Mototsugu","Miake"
"Arto","Mitina"
"Mang","Millington"
"Rafael","Miculan"
"Arvind","Minakawa"
"Teunis","Mitsuhashi"
"Ishfaq","Minakawa"
"Jianwen","Mitzlaff"
"Ronghao","Miara"
"Zhiwei","Miculan"
"Piyawadee","Michaeli"
"Takahito","Minakawa"
"Yinghua","Michaeli"
"Rayond","Milicic"
"Janche","Milicic"
"Terresa","Mitchem"
"Heather","Michaeli"
"Honglan","Mitsuhashi"
"Gianluca","Mitchem"
"Shim","Mitina"
"Reuven","Mitina"
"Kenroku","Mitsuhashi"
"Claude","Mikschl"
"Boutros","Michaels"
"Tadanori","Miake"
"Susanna","Michaels"
"Luise","Middleton"
"Aloys","Millington"
"Alejandro","Mitsuhashi"
"Sadun","Millington"
"Cordelia","Miara"
"Lijie","Millington"
"Zejun","Miyakawa"
"Boalin","Milicic"
"Mahendra","Mikschl"
"Luisa","Michaels"
"Xuejia","Minakawa"
"Demos","Minakawa"
"Byong","Mitsuhashi"
"Owen","Mitchem"
"Maha","Miculan"
"Marit","Mitina"
"Sivanarayana","Mitchem"
"Noritoshi","Michaeli"
"Sergi","Mitchem"
"Turgut","Millington"
"Spyrose","Michaels"
"Nikolaos","Mikschl"
"Satyanarayana","Minakawa"
"Mary","Mitsuhashi"
"Seshu","Miake"
"Shigehito","Mitzlaff"
"Nahid","Mitina"
"Branimir","Miara"
"Jagoda","Mitina"
"Weidon","Mitchem"
"Jeanne","Middleton"
"Aleksandar","Milicic"
"Heng","Miculan"
"Jacqueline","Millington"
"Nevio","Milicic"
"Berry","Milicic"
"Jasminko","Minakawa"
"Guiseppe","Mitsuhashi"
"Koldo","Miake"
"LiMin","Miculan"
"Frazer","Milicic"
"Branimir","Miculan"
"Hausi","Mitsuhashi"
"Poorav","Mikschl"
"Kerhong","Mitina"
"Shahid","Mitina"
"Mari","Miara"
"Arunachalam","Milicia"
"Honesty","Miara"
"Martins","Miake"
"Heng","Milicia"
"Mana","Mitina"
"Flemming","Mikschl"
"Sudharsan","Mitina"
"Gully","Minakawa"
"Shim","Miyakawa"
"Adil","Miyakawa"
"Yaghout","Milicia"
"Oguz","Miake"
"Nathan","Milicia"
"Theirry","Miara"
"Heeju","Miculan"
"Xiaoshan","Mikschl"
"Arra","Middleton"
"Yishai","Millington"
"Vitali","Mitina"
"Yifei","Mitchem"
"Tomofumi","Miara"
"Ottavia","Miake"
"Prasadram","Milicia"
"Cheong","Millington"
"Jaana","Middleton"
"Sajjad","Milicia"
"Moie","Milicia"
"Tsuneo","Minakawa"
"Yongqiao","Mitina"
"Gaurav","Miara"
"Gao","Miake"
"Yinghua","Milicia"
"Shounak","Michaeli"
"Chenyi","Millington"
"Leen","Mitchem"
"Sergi","Minakawa"
"Carrsten","Milicic"
"Mingzeng","Millington"
"Xinan","Mitzlaff"
"Oscar","Mitzlaff"
"Uwe","Minakawa"
"Girolamo","Miara"
"Basil","Michaeli"
"Xuejun","Millington"
"Siamak","Michaeli"
"Feiyu","Minakawa"
"Barton","Mitchem"
"Dung","Michaeli"
"Billur","Miculan"
"Sungwon","Mikschl"
"Taiji","Middleton"
"Yakichi","Millington"
"Ayakannu","Mitina"
"Vasilii","Michaels"
"Barry","Milicic"
"Salvador","Milicic"
"Marek","Mitchem"
"Minghong","Michaels"
"Aleksandar","Miara"
"Hailing","Minakawa"
"Arnould","Minakawa"
"Weiru","Middleton"
"Kazuhito","Middleton"
"Khue","Milicic"
"Gad","Millington"
"Limsoon","Milicic"
"Manton","Miake"
"Chenyi","Mikschl"
"Lobel","Mitina"
"Tooru","Milicic"
"Evgueni","Miake"
"Chaosheng","Mitchem"
"Felicidad","Minakawa"
"Torsten","Milicic"
"Rosli","Miake"
"Cordelia","Miculan"
"Lene","Michaeli"
"Mads","Millington"
"Francoise","Milicia"
"Guenter","Miara"
"Huei","Michaels"
"Taizo","Mitchem"
"Xiaobin","Miara"
"Wojceich","Miculan"
"Christoph","Mikschl"
"Arumugam","Mitzlaff"
"Takahiro","Milicia"
"Marsja","Michaeli"
"Subbu","Michaeli"
"Nikolaos","Middleton"
"Barton","Michaels"
"Sailaja","Michaels"
"Elgin","Mitzlaff"
"Augustine","Minakawa"
"Uri","Miyakawa"
"Arno","Michaeli"
"Toong","Mitchem"
"Chikako","Mitchem"
"Holgard","Miake"
"Changho","Miyakawa"
"Fumiya","Mitina"
"Serge","Mitchem"
"Kwok","Mikschl"
"Yonghong","Michaeli"
"Neelam","Miculan"
"Shaz","Mitina"
"Fabrizio","Miculan"
"Yongqiao","Millington"
"Otilia","Miculan"
"Kazuhisa","Middleton"
"Sergi","Miculan"
"Tomofumi","Millington"
"Huican","Miculan"
"Kersti","Miculan"
"Nidapan","Millington"
"Kwangyoen","Mikschl"
"Yuriy","Michaeli"
"Kaijung","Minakawa"
"Owen","Mikschl"
"Doohun","Michaeli"
"Heekeun","Mitchem"
"Sachem","Miculan"
"Yucel","Mitsuhashi"
"Serenella","Mitchem"
"Marco","Mitina"
"Lansing","Milicic"
"Yonghoan","Mitzlaff"
"Patricia","Mitina"
"Rafols","Michaeli"
"Hinrich","Mitchem"
"Troy","Mitina"
"Danel","Mitzlaff"
"Ohad","Miake"
"Subhrajyoti","Mikschl"
"Wayne","Miara"
"Jamaludin","Mitchem"
"Phule","Minakawa"
"Menkae","Mitzlaff"
"Alain","Milicia"
"Chandrasekaran","Mitzlaff"
"Sasan","Milicia"
"Lijie","Miara"
"Masako","Miara"
"Shan","Mikschl"
"Uri","Michaeli"
"Kensei","Minakawa"
"Ottavia","Mikschl"
"Heather","Mitzlaff"
"Odoardo","Milicia"
"Ravishankar","Minakawa"
"Xinglin","Millington"
"Mohd","Millington"
"Yoshimitsu","Mikschl"
"Candido","Miculan"
"True","Mitina"
"Nahum","Mikschl"
"Vishwani","Mitchem"
"Sachar","Mitina"
"Danil","Michaels"
"Tsutomu","Mitzlaff"
"Kamran","Miyakawa"
"Nevio","Michaels"
"Francesca","Michaeli"
"Khaled","Millington"
"Petter","Middleton"
"Berto","Mitzlaff"
"Maia","Miara"
"Xinan","Middleton"
"Sariel","Millington"
"Gregory","Miculan"
"Goa","Miake"
"Oguz","Millington"
"Sachem","Minakawa"
"Marke","Millington"
"Zijian","Mikschl"
"Weiwu","Mikschl"
"Anwar","Miara"
"Satyanarayana","Mitina"
"Shuichi","Mitsuhashi"
"Utz","Miara"
"Siamak","Milicic"
"Idoia","Michaels"
"Miquel","Minakawa"
"Chaitali","Minakawa"
"Lena","Miyakawa"
"Arunas","Mikschl"
"Mooi","Middleton"
"Zdislav","Mitchem"
"Yuuichi","Mitzlaff"
"Turgut","Miyakawa"
"Hidde","Michaeli"
"Herbert","Mikschl"
"Martial","Miara"
"Xiping","Miyakawa"
"Qunsheng","Miculan"
"Kerryn","Mitsuhashi"
"Garnet","Miake"
"Sivanarayana","Michaeli"
"Brigham","Michaeli"
"Oddvar","Michaels"
"Tonia","Mitzlaff"
"Eberhardt","Millington"
"Shaz","Milicia"
"Subhash","Mitzlaff"
"Shushma","Mitsuhashi"
"Uwe","Michaeli"
"Owen","Milicia"
"Gianluca","Middleton"
"Itzchak","Mitchem"
"Slavian","Miyakawa"
"Aria","Millington"
"Suvo","Minakawa"
"Sachem","Milicic"
"Yonghong","Mikschl"
"Zissis","Miara"
"Nahid","Miara"
"Nobuyoshi","Mikschl"
"Constantine","Michaels"
"Arco","Middleton"
"Yunming","Mitina"
